path,link
/Cumulative-effects-data---QCS/Final info/Rocky reef sites/G0858494.JPG,https://www.dropbox.com/scl/fi/9r7esa1to4804psjfm0hu/G0858494.JPG?rlkey=q8vwfxivnorkgot9ebp3ckzjg&dl=0&raw=1
/Cumulative-effects-data---QCS/Final info/Rocky reef sites/G0367017.JPG,https://www.dropbox.com/scl/fi/tqgcppe49z5f69uvsoliy/G0367017.JPG?rlkey=e0kxjsd8v6ncoy842k6lxyl3q&dl=0&raw=1
/Cumulative-effects-data---QCS/Final info/Rocky reef sites/G0527499.JPG,https://www.dropbox.com/scl/fi/6ehgpa7gbcfr6xjn3mnh3/G0527499.JPG?rlkey=tgu4bqxqmwkic33h6eu6ervw2&dl=0&raw=1
/Cumulative-effects-data---QCS/Final info/Rocky reef sites/GOPR0013.JPG,https://www.dropbox.com/scl/fi/kj8ssnkuxrovs8x12sg3s/GOPR0013.JPG?rlkey=yy2bs7uel1ahmqrxl5kuhw2jr&dl=0&raw=1
/Cumulative-effects-data---QCS/Final info/Rocky reef sites/GOPR0052.JPG,https://www.dropbox.com/scl/fi/iaamsdk021r97n7pc8hto/GOPR0052.JPG?rlkey=9f24k4vgkm2komoh7bjmfhszj&dl=0&raw=1
/Cumulative-effects-data---QCS/Final info/Rocky reef sites/GOPR0113.JPG,https://www.dropbox.com/scl/fi/bqmb7w41z4lf4v23sai1a/GOPR0113.JPG?rlkey=hoesomnpiw4j6veltrjihr79w&dl=0&raw=1
/Cumulative-effects-data---QCS/Final info/Rocky reef sites/GOPR0171.JPG,https://www.dropbox.com/scl/fi/yh3okt740qbuwkcowk2lu/GOPR0171.JPG?rlkey=hv8a81hoyrm44ssqlburm13dq&dl=0&raw=1
/Cumulative-effects-data---QCS/Final info/Rocky reef sites/GOPR0138.JPG,https://www.dropbox.com/scl/fi/abg4c41y8vqw8f3yucmu2/GOPR0138.JPG?rlkey=yzo1582wgdlrozusead8mr9wi&dl=0&raw=1
/Cumulative-effects-data---QCS/Final info/Rocky reef sites/GOPR0212.JPG,https://www.dropbox.com/scl/fi/yrvhhr0t32yfi0aqf9ju5/GOPR0212.JPG?rlkey=rbdpfxhyxcdbcevbkqos4l7gn&dl=0&raw=1
/Cumulative-effects-data---QCS/Final info/Rocky reef sites/GOPR0255.JPG,https://www.dropbox.com/scl/fi/fmptsht8rhb1izivjuegt/GOPR0255.JPG?rlkey=ddyz9to7me4rzzpwxp7ibnp1l&dl=0&raw=1
/Cumulative-effects-data---QCS/Final info/Rocky reef sites/GOPR0325.JPG,https://www.dropbox.com/scl/fi/jganjx2jlkbmjcek4favp/GOPR0325.JPG?rlkey=h4i7vnx7qdu2fm13kkju7vv99&dl=0&raw=1
/Cumulative-effects-data---QCS/Final info/Rocky reef sites/GOPR0440.JPG,https://www.dropbox.com/scl/fi/fmo18dlopqcffvl3w7w66/GOPR0440.JPG?rlkey=gu01zg71ebs2t8b1vzg8yyst1&dl=0&raw=1
/Cumulative-effects-data---QCS/Final info/Rocky reef sites/GOPR0467.JPG,https://www.dropbox.com/scl/fi/aup83cb0xg2vbyc5yrfju/GOPR0467.JPG?rlkey=inh0ol593pphnscafvh3rgfgj&dl=0&raw=1
/Cumulative-effects-data---QCS/Final info/Rocky reef sites/GOPR0481.JPG,https://www.dropbox.com/scl/fi/69dgumhjtwyo3is9ei3cs/GOPR0481.JPG?rlkey=7olaehq5kxvme7xz94gnoi62b&dl=0&raw=1
/Cumulative-effects-data---QCS/Final info/Rocky reef sites/GOPR0508.JPG,https://www.dropbox.com/scl/fi/kuiqojh5dm03poap2b31z/GOPR0508.JPG?rlkey=1v4wpax2oncgx678v7ursltgb&dl=0&raw=1
/Cumulative-effects-data---QCS/Final info/Rocky reef sites/GOPR0607.JPG,https://www.dropbox.com/scl/fi/ct7iwxb052c64x9a1xxo6/GOPR0607.JPG?rlkey=7rhas8b8oou5p0gttx9udv0ye&dl=0&raw=1
/Cumulative-effects-data---QCS/Final info/Rocky reef sites/GOPR0553.JPG,https://www.dropbox.com/scl/fi/i6m6aqp6oxh4vpuix6ts8/GOPR0553.JPG?rlkey=rakl7d4ojlv90886b6l321w9r&dl=0&raw=1
/Cumulative-effects-data---QCS/Final info/Rocky reef sites/GOPR0777.JPG,https://www.dropbox.com/scl/fi/i6regxn2hinbi1dh6nxqn/GOPR0777.JPG?rlkey=cwfhcrarq1mk1vlo51t3b9ew5&dl=0&raw=1
/Cumulative-effects-data---QCS/Final info/Rocky reef sites/GOPR0680.JPG,https://www.dropbox.com/scl/fi/c0o7soxchk27ykceld8af/GOPR0680.JPG?rlkey=w2n9ggkm9rooa9ygtzyf7treg&dl=0&raw=1
/Cumulative-effects-data---QCS/Final info/Rocky reef sites/GOPR0810.JPG,https://www.dropbox.com/scl/fi/jdbja0zk780b6ruyazkju/GOPR0810.JPG?rlkey=syieiq24hh8kmvyos65z05pu7&dl=0&raw=1
/Cumulative-effects-data---QCS/Final info/Rocky reef sites/GOPR0838.JPG,https://www.dropbox.com/scl/fi/xv2gcae83fmqbtkfspx4j/GOPR0838.JPG?rlkey=uldl1fmpsck6c2njf4hkik9wh&dl=0&raw=1
/Cumulative-effects-data---QCS/Final info/Rocky reef sites/GOPR0915.JPG,https://www.dropbox.com/scl/fi/4twfqn8md35yyvamjuksl/GOPR0915.JPG?rlkey=bk95b9x5a6adng6v4cxf3hfht&dl=0&raw=1
/Cumulative-effects-data---QCS/Final info/Rocky reef sites/GOPR0998.JPG,https://www.dropbox.com/scl/fi/gfg5aq474yidwxqei2k8i/GOPR0998.JPG?rlkey=cp0nmn66qw6qsgle820fsqv64&dl=0&raw=1
/Cumulative-effects-data---QCS/Final info/Rocky reef sites/GOPR1046.JPG,https://www.dropbox.com/scl/fi/32lyb0qksz9ttp0p66bzq/GOPR1046.JPG?rlkey=o32v75m9ehc392v1iea241ni5&dl=0&raw=1
/Cumulative-effects-data---QCS/Final info/Rocky reef sites/GOPR1224.JPG,https://www.dropbox.com/scl/fi/zl9oirijzzk9nptetd1bv/GOPR1224.JPG?rlkey=idvvnhdhz54isks6kazmzp7bi&dl=0&raw=1
/Cumulative-effects-data---QCS/Final info/Rocky reef sites/GOPR1081.JPG,https://www.dropbox.com/scl/fi/r7n6x7qf1t379ryvaln8n/GOPR1081.JPG?rlkey=m49nhhs5a09mchtwznvpz76x6&dl=0&raw=1
/Cumulative-effects-data---QCS/Final info/Rocky reef sites/GOPR1173.JPG,https://www.dropbox.com/scl/fi/yx7wbeov8td3hzoysobr7/GOPR1173.JPG?rlkey=b5ggn0g4x39pgvcslyv1x4hei&dl=0&raw=1
/Cumulative-effects-data---QCS/Final info/Rocky reef sites/GOPR1314.JPG,https://www.dropbox.com/scl/fi/nma52mxuyhd08yn0txlrh/GOPR1314.JPG?rlkey=4xlakps8ydb0xn1cpln5klly9&dl=0&raw=1
/Cumulative-effects-data---QCS/Final info/Rocky reef sites/GOPR1270.JPG,https://www.dropbox.com/scl/fi/zz8impgac65kjt38s703g/GOPR1270.JPG?rlkey=mrkzfvfm5gg56veb36fab8tlj&dl=0&raw=1
/Cumulative-effects-data---QCS/Final info/Rocky reef sites/GOPR1358.JPG,https://www.dropbox.com/scl/fi/94r5zhs7xaja888sd7u9r/GOPR1358.JPG?rlkey=t0zqn2f1zyvpdz2eizlgyysyi&dl=0&raw=1
/Cumulative-effects-data---QCS/Final info/Rocky reef sites/GOPR1248.JPG,https://www.dropbox.com/scl/fi/iepaw0hyx9kaew2wnsddz/GOPR1248.JPG?rlkey=dlae8ixyxg7sxayg1onynw66o&dl=0&raw=1
/Cumulative-effects-data---QCS/Final info/Rocky reef sites/GOPR1396.JPG,https://www.dropbox.com/scl/fi/dww3lhgsjq6muxlrb0klm/GOPR1396.JPG?rlkey=mmzins09do9a6ldk727pp8asm&dl=0&raw=1
/Cumulative-effects-data---QCS/Final info/Rocky reef sites/GOPR1436.JPG,https://www.dropbox.com/scl/fi/aoiyedlxlbuzriic9l5nz/GOPR1436.JPG?rlkey=u7ysal0brc6kfc9iiplnqtc43&dl=0&raw=1
/Cumulative-effects-data---QCS/Final info/Rocky reef sites/GOPR1462.JPG,https://www.dropbox.com/scl/fi/ckigriqwou1lxkpd033a8/GOPR1462.JPG?rlkey=y6pyw53ygsto582dedyp8h3km&dl=0&raw=1
/Cumulative-effects-data---QCS/Final info/Rocky reef sites/GOPR1502.JPG,https://www.dropbox.com/scl/fi/wie5sio5xe8007rx5s2yp/GOPR1502.JPG?rlkey=uxhhqud5kar317gdfmt2jxlsx&dl=0&raw=1
/Cumulative-effects-data---QCS/Final info/Rocky reef sites/GOPR1573.JPG,https://www.dropbox.com/scl/fi/82l6xkig6vtt0gpx572z5/GOPR1573.JPG?rlkey=wi5praq6xdkl1w99k9hhva17b&dl=0&raw=1
/Cumulative-effects-data---QCS/Final info/Rocky reef sites/GOPR1636.JPG,https://www.dropbox.com/scl/fi/e6s2xwvpc9xklli7i2m1b/GOPR1636.JPG?rlkey=2vetss9khuqfanktxyjqund46&dl=0&raw=1
/Cumulative-effects-data---QCS/Final info/Rocky reef sites/GOPR1533.JPG,https://www.dropbox.com/scl/fi/s0s1iyllmr45ludsu2v98/GOPR1533.JPG?rlkey=ib7qzbwr22q6hak38mkxngx3b&dl=0&raw=1
/Cumulative-effects-data---QCS/Final info/Rocky reef sites/GOPR1683.JPG,https://www.dropbox.com/scl/fi/3l3h1rl6wfpn37pr2362k/GOPR1683.JPG?rlkey=p1z6cyjxa0ct9du2z7ra39p2y&dl=0&raw=1
/Cumulative-effects-data---QCS/Final info/Rocky reef sites/GOPR1664.JPG,https://www.dropbox.com/scl/fi/nwughev48erp8pc94qa5i/GOPR1664.JPG?rlkey=etkhr6fp850s1osqhs1mvbblv&dl=0&raw=1
/Cumulative-effects-data---QCS/Final info/Rocky reef sites/GOPR1712.JPG,https://www.dropbox.com/scl/fi/y398pxtkv8z5m9ds7kmja/GOPR1712.JPG?rlkey=a4muw4q0wer1v7x4i4be4pnct&dl=0&raw=1
/Cumulative-effects-data---QCS/Final info/Rocky reef sites/GOPR1726.JPG,https://www.dropbox.com/scl/fi/m5wopf8m2gynczxv8oqap/GOPR1726.JPG?rlkey=jq0fms4h3or0388pap9g833yr&dl=0&raw=1
/Cumulative-effects-data---QCS/Final info/Rocky reef sites/GOPR1776.JPG,https://www.dropbox.com/scl/fi/6vzy0vz0sxtrrbg0y4ups/GOPR1776.JPG?rlkey=ic6vg5xzg8qfcg4uxeq1jo2rr&dl=0&raw=1
/Cumulative-effects-data---QCS/Final info/Rocky reef sites/GOPR1817.JPG,https://www.dropbox.com/scl/fi/734callv4uh32y7p4zwvc/GOPR1817.JPG?rlkey=2pwpk6lg0o6v5wxmy4xfakhyo&dl=0&raw=1
/Cumulative-effects-data---QCS/Final info/Rocky reef sites/GOPR1798.JPG,https://www.dropbox.com/scl/fi/ioy2urdj23oq5xkbuvg5s/GOPR1798.JPG?rlkey=mbb7h84g2yim7v60baflphb5z&dl=0&raw=1
/Cumulative-effects-data---QCS/Final info/Rocky reef sites/GOPR1851.JPG,https://www.dropbox.com/scl/fi/7f0nqkdx5zijkxpbtsxqf/GOPR1851.JPG?rlkey=zyasroge9mwuffzoydgi1ynac&dl=0&raw=1
/Cumulative-effects-data---QCS/Final info/Rocky reef sites/GOPR1868.JPG,https://www.dropbox.com/scl/fi/mr2avxdf00xl2sixy01yt/GOPR1868.JPG?rlkey=0qtk0wjm6yjzrme6j0wqtt0yn&dl=0&raw=1
/Cumulative-effects-data---QCS/Final info/Rocky reef sites/GOPR1881.JPG,https://www.dropbox.com/scl/fi/ws4v4rwl2grq9ftu96jc3/GOPR1881.JPG?rlkey=ezl96sxzehly45srbtpu5sd53&dl=0&raw=1
/Cumulative-effects-data---QCS/Final info/Rocky reef sites/GOPR1919.JPG,https://www.dropbox.com/scl/fi/pwxo4njvrr7l9fz1xand1/GOPR1919.JPG?rlkey=4dqs87r8v34sab4ul8lpcfq83&dl=0&raw=1
/Cumulative-effects-data---QCS/Final info/Rocky reef sites/GOPR1947.JPG,https://www.dropbox.com/scl/fi/dnaf0dgxzzp80kk80p15s/GOPR1947.JPG?rlkey=njr5vkdop77o6ebe70n2dvmfp&dl=0&raw=1
/Cumulative-effects-data---QCS/Final info/Rocky reef sites/GOPR1972.JPG,https://www.dropbox.com/scl/fi/pkn5fahp0fcxe90fzs0k2/GOPR1972.JPG?rlkey=dkkpw031jkfs8dftfscl8mw2h&dl=0&raw=1
/Cumulative-effects-data---QCS/Final info/Rocky reef sites/GOPR2079.JPG,https://www.dropbox.com/scl/fi/g5soenw0ovd60so6xc9u7/GOPR2079.JPG?rlkey=y1n4s3izwlmovegsm5msva6pc&dl=0&raw=1
/Cumulative-effects-data---QCS/Final info/Rocky reef sites/GOPR2106.JPG,https://www.dropbox.com/scl/fi/gd2ylg9nrcnlie0qfz9ah/GOPR2106.JPG?rlkey=hkj5it0q1izrc7mrbnh7y7ir5&dl=0&raw=1
/Cumulative-effects-data---QCS/Final info/Rocky reef sites/GOPR2118.JPG,https://www.dropbox.com/scl/fi/hwjfcvmyfl1ttgwnaakan/GOPR2118.JPG?rlkey=asvbcy01v3cu4t42iwvltoj74&dl=0&raw=1
/Cumulative-effects-data---QCS/Final info/Rocky reef sites/GOPR2143.JPG,https://www.dropbox.com/scl/fi/on6xqwvyx2882l7l4qgr7/GOPR2143.JPG?rlkey=zhbqjaexj5t5h5wygkxic1asq&dl=0&raw=1
/Cumulative-effects-data---QCS/Final info/Rocky reef sites/GOPR2161.JPG,https://www.dropbox.com/scl/fi/jafba7lfd764gaj3oevzn/GOPR2161.JPG?rlkey=jnp9xy8290dsmi4zf41nhhjgo&dl=0&raw=1
/Cumulative-effects-data---QCS/Final info/Rocky reef sites/GOPR2251.JPG,https://www.dropbox.com/scl/fi/vb5x4k329wh3933eizkvm/GOPR2251.JPG?rlkey=wtpf6sg25e7nixyky489qad4p&dl=0&raw=1
/Cumulative-effects-data---QCS/Final info/Rocky reef sites/GOPR2283.JPG,https://www.dropbox.com/scl/fi/wjf7wupkcbacmjmwrav9t/GOPR2283.JPG?rlkey=j368dzizotimjpsxtk36b6amp&dl=0&raw=1
/Cumulative-effects-data---QCS/Final info/Rocky reef sites/GOPR2202.JPG,https://www.dropbox.com/scl/fi/m7d73dgaqqzlrge4bch86/GOPR2202.JPG?rlkey=hxqksyugyap0liukdr1lbf2wh&dl=0&raw=1
/Cumulative-effects-data---QCS/Final info/Rocky reef sites/GOPR2315.JPG,https://www.dropbox.com/scl/fi/3u3xfupxnvc735qpabrb8/GOPR2315.JPG?rlkey=8gk9xm4jj8v7ehbzdwt0lzvu7&dl=0&raw=1
/Cumulative-effects-data---QCS/Final info/Rocky reef sites/GOPR2359.JPG,https://www.dropbox.com/scl/fi/0zwer4dxbkyesas4w4txy/GOPR2359.JPG?rlkey=42h5u1hlv4lc639wfj7ciadar&dl=0&raw=1
/Cumulative-effects-data---QCS/Final info/Rocky reef sites/GOPR2404.JPG,https://www.dropbox.com/scl/fi/9gvrcvee7r9z0wd78jm1i/GOPR2404.JPG?rlkey=e6crb9oyib08c18ompa7xznmo&dl=0&raw=1
/Cumulative-effects-data---QCS/Final info/Rocky reef sites/GOPR2471.JPG,https://www.dropbox.com/scl/fi/67nbzk6m8agdwr5gg2by7/GOPR2471.JPG?rlkey=sgfa23zye1y3ektz5wb8clp7x&dl=0&raw=1
/Cumulative-effects-data---QCS/Final info/Rocky reef sites/GOPR2421.JPG,https://www.dropbox.com/scl/fi/zw2a7de5z46k0iuzto8lh/GOPR2421.JPG?rlkey=c16mg3egz0b2od9q71d2w4j4x&dl=0&raw=1
/Cumulative-effects-data---QCS/Final info/Rocky reef sites/GOPR2526.JPG,https://www.dropbox.com/scl/fi/vjd20526znm7dnpnt8sz7/GOPR2526.JPG?rlkey=x4yruz8o52yickxpgvtexdjf5&dl=0&raw=1
/Cumulative-effects-data---QCS/Final info/Rocky reef sites/GOPR2495.JPG,https://www.dropbox.com/scl/fi/w7bwo2ilcahddrvqenkz7/GOPR2495.JPG?rlkey=541s685xyvymjlqsp7qlncjtk&dl=0&raw=1
/Cumulative-effects-data---QCS/Final info/Rocky reef sites/GOPR2540.JPG,https://www.dropbox.com/scl/fi/23odh34bz054fyvfhg5t9/GOPR2540.JPG?rlkey=q7062jqagtq3ihgmjwitnvg06&dl=0&raw=1
/Cumulative-effects-data---QCS/Final info/Rocky reef sites/GOPR2613.JPG,https://www.dropbox.com/scl/fi/h6wnld9xovrt2urxqybh1/GOPR2613.JPG?rlkey=jfppgbxobptv4zr6mnczz1kaf&dl=0&raw=1
/Cumulative-effects-data---QCS/Final info/Rocky reef sites/GOPR8711.JPG,https://www.dropbox.com/scl/fi/b36c256k554cddw0pao5k/GOPR8711.JPG?rlkey=xc2be7pz1li724e60rv2pfzj6&dl=0&raw=1
/Cumulative-effects-data---QCS/Final info/Rocky reef sites/GOPR8741.JPG,https://www.dropbox.com/scl/fi/8ar77excjc38g5dz1wwex/GOPR8741.JPG?rlkey=jijlghkcnzrwppmsosqabzc5s&dl=0&raw=1
/Cumulative-effects-data---QCS/Final info/Rocky reef sites/GOPR8884.JPG,https://www.dropbox.com/scl/fi/sfus8zra26jyz94l38wvo/GOPR8884.JPG?rlkey=itep2425pk3yfp0w0t3j2vnzi&dl=0&raw=1
/Cumulative-effects-data---QCS/Final info/Rocky reef sites/GOPR8829.JPG,https://www.dropbox.com/scl/fi/q4cru4wuh7ip4u5gyw39p/GOPR8829.JPG?rlkey=f11fru293z01xsigt1p1lluxo&dl=0&raw=1
/Cumulative-effects-data---QCS/Final info/Rocky reef sites/GOPR8780.JPG,https://www.dropbox.com/scl/fi/zoa8c80fem49qbcbbjrtc/GOPR8780.JPG?rlkey=25m83hrv2e9oowqi2880y6qn1&dl=0&raw=1
/Cumulative-effects-data---QCS/Final info/Rocky reef sites/GOPR8850.JPG,https://www.dropbox.com/scl/fi/j7h0oe5qy0yw3mfj6ow6i/GOPR8850.JPG?rlkey=w0ulgwvjsnm616a096ic3j41x&dl=0&raw=1
/Cumulative-effects-data---QCS/Final info/Rocky reef sites/GOPR8998.JPG,https://www.dropbox.com/scl/fi/kyry5leicfqq3k9mat5vs/GOPR8998.JPG?rlkey=vq4yxvowiquo95lvp8bjb89xd&dl=0&raw=1
/Cumulative-effects-data---QCS/Final info/Rocky reef sites/GOPR9063.JPG,https://www.dropbox.com/scl/fi/6mbjvwqo9zv8e4su1enru/GOPR9063.JPG?rlkey=sjvwb1lgtvs6w3kvxjahrfx7q&dl=0&raw=1
/Cumulative-effects-data---QCS/Final info/Rocky reef sites/GOPR9035.JPG,https://www.dropbox.com/scl/fi/d97bzn1zqr81ir2r6xus1/GOPR9035.JPG?rlkey=tlfzc82264fewaxeheymwu61h&dl=0&raw=1
/Cumulative-effects-data---QCS/Final info/Rocky reef sites/GOPR8951.JPG,https://www.dropbox.com/scl/fi/2b03azad7xkcevr79u8lp/GOPR8951.JPG?rlkey=yn8aqcb3g5z5vp3fuf9hkh1f3&dl=0&raw=1
/Cumulative-effects-data---QCS/Final info/Rocky reef sites/GOPR9102.JPG,https://www.dropbox.com/scl/fi/9dwdt7ralyi7v585misnb/GOPR9102.JPG?rlkey=9lrqa6ei910v7vdm4g08kz9a2&dl=0&raw=1
/Cumulative-effects-data---QCS/Final info/Rocky reef sites/GOPR9052.JPG,https://www.dropbox.com/scl/fi/8gqdrh8btggozz5kstktx/GOPR9052.JPG?rlkey=wldfplymvvrokylq925t1061b&dl=0&raw=1
/Cumulative-effects-data---QCS/Final info/Rocky reef sites/GOPR9130.JPG,https://www.dropbox.com/scl/fi/xikat8vf4qpdsk2jpz9s4/GOPR9130.JPG?rlkey=ogsfg3aclklt53l3okvl174lb&dl=0&raw=1
/Cumulative-effects-data---QCS/Final info/Rocky reef sites/GOPR9140.JPG,https://www.dropbox.com/scl/fi/jsm8gpy37w0gqxsax3rvt/GOPR9140.JPG?rlkey=4rhzh77wb1nyf2dlbbjg63kgx&dl=0&raw=1
/Cumulative-effects-data---QCS/Final info/Rocky reef sites/GOPR9240.JPG,https://www.dropbox.com/scl/fi/t53ed7xm3b65y9uk6ucuk/GOPR9240.JPG?rlkey=pq6g73jncmzfeoh23u9xdnmwg&dl=0&raw=1
/Cumulative-effects-data---QCS/Final info/Rocky reef sites/GOPR9286.JPG,https://www.dropbox.com/scl/fi/713hrfet1fa0gw4ipdp0m/GOPR9286.JPG?rlkey=06s3cm8yt61o37r9gf6xsmgr6&dl=0&raw=1
/Cumulative-effects-data---QCS/Final info/Rocky reef sites/GOPR9312.JPG,https://www.dropbox.com/scl/fi/k54adyz2vmchxjw0zhtxy/GOPR9312.JPG?rlkey=z4tr9xnzxrekk3uk4zbzinuqf&dl=0&raw=1
/Cumulative-effects-data---QCS/Final info/Rocky reef sites/GOPR9351.JPG,https://www.dropbox.com/scl/fi/r8mq6bi15iw6jgcq74j9q/GOPR9351.JPG?rlkey=l04i39qt7l7no9ealy002vqln&dl=0&raw=1
/Cumulative-effects-data---QCS/Final info/Rocky reef sites/GOPR9426.JPG,https://www.dropbox.com/scl/fi/d1tkdycrsek8cw2rytv36/GOPR9426.JPG?rlkey=kzuxks28isz16db1itsp749fm&dl=0&raw=1
/Cumulative-effects-data---QCS/Final info/Rocky reef sites/GOPR9380.JPG,https://www.dropbox.com/scl/fi/2wdk7bt4hbju2nwom1jiv/GOPR9380.JPG?rlkey=52xfv536a0rbwk0oqrc7hecma&dl=0&raw=1
/Cumulative-effects-data---QCS/Final info/Rocky reef sites/GOPR9411.JPG,https://www.dropbox.com/scl/fi/d76amk7rgrpwyl3k2qlp7/GOPR9411.JPG?rlkey=s3734xmycae7yiqjqzamins2q&dl=0&raw=1
/Cumulative-effects-data---QCS/Final info/Rocky reef sites/GOPR9448.JPG,https://www.dropbox.com/scl/fi/k9hbnt2ts5kuw9ndzdt73/GOPR9448.JPG?rlkey=hp73ujnspq324hsum5b6pq52m&dl=0&raw=1
/Cumulative-effects-data---QCS/Final info/Rocky reef sites/GOPR9701.JPG,https://www.dropbox.com/scl/fi/kj2cgh4fn76d4ykkn3bxm/GOPR9701.JPG?rlkey=e9g3avq3la8pn8kyspopq6m77&dl=0&raw=1
/Cumulative-effects-data---QCS/Final info/Rocky reef sites/GOPR9799.JPG,https://www.dropbox.com/scl/fi/bsivbfoosdacn4xwus3f0/GOPR9799.JPG?rlkey=vn8jnv3wnc4tieo9prjg6s86q&dl=0&raw=1
/Cumulative-effects-data---QCS/Final info/Soft sediment sites/10 11 18/Site_26_1.mp4,https://www.dropbox.com/scl/fi/24p73rzjv11p6pznxti2p/Site_26_1.mp4?rlkey=fiy0ftjcmygtpmy3n8bhv5rdq&dl=0&raw=1
/Cumulative-effects-data---QCS/Final info/Soft sediment sites/10 11 18/Site_28_1.mp4,https://www.dropbox.com/scl/fi/rjsur2elailqxdso6l9qq/Site_28_1.mp4?rlkey=zq32w7a9izdhveujpipcr90h3&dl=0&raw=1
/Cumulative-effects-data---QCS/Final info/Soft sediment sites/10 11 18/Site_29_1.mp4,https://www.dropbox.com/scl/fi/6ewr65m4ffdousbzbonnt/Site_29_1.mp4?rlkey=573qu32i5ijzdsmvvoo3joohq&dl=0&raw=1
/Cumulative-effects-data---QCS/Final info/Soft sediment sites/10 11 18/Site_32_1.mp4,https://www.dropbox.com/scl/fi/u8mmfdjpnqdchkl8enln8/Site_32_1.mp4?rlkey=bb0gl0r7dhrshi08lxr5yuf88&dl=0&raw=1
/Cumulative-effects-data---QCS/Final info/Soft sediment sites/10 11 18/Site_33_1.mp4,https://www.dropbox.com/scl/fi/168chp3f72lzl5hmfl0xo/Site_33_1.mp4?rlkey=q4xu1zddg3y8yuide22vtyqrr&dl=0&raw=1
/Cumulative-effects-data---QCS/Final info/Soft sediment sites/10 11 18/Site_34_1.mp4,https://www.dropbox.com/scl/fi/ssyp181pnl68gjy3w00h4/Site_34_1.mp4?rlkey=j5cvm5usl1d78ssc80ffqr8j7&dl=0&raw=1
/Cumulative-effects-data---QCS/Final info/Soft sediment sites/10 11 18/Site_35_1.mp4,https://www.dropbox.com/scl/fi/918s2fbkm074ss0c021hn/Site_35_1.mp4?rlkey=0lmgwff14clhxwkv7me8s1f0p&dl=0&raw=1
/Cumulative-effects-data---QCS/Final info/Soft sediment sites/10 11 18/Site_35_2.mp4,https://www.dropbox.com/scl/fi/p18ie2lkza5cfaryddmmp/Site_35_2.mp4?rlkey=1iccw5hji3vlarbgxquesqcwj&dl=0&raw=1
/Cumulative-effects-data---QCS/Final info/Soft sediment sites/10 11 18/Site_36_1.mp4,https://www.dropbox.com/scl/fi/bjqyidbelk99lrjnz20y9/Site_36_1.mp4?rlkey=zklrjq2u16yuguuci9si1efae&dl=0&raw=1
/Cumulative-effects-data---QCS/Final info/Soft sediment sites/10 11 18/Site_37_1.mp4,https://www.dropbox.com/scl/fi/f1snwfteylewbc7gwtz81/Site_37_1.mp4?rlkey=93bwj7vuvbiwq4lqipbgikvnu&dl=0&raw=1
/Cumulative-effects-data---QCS/Final info/Soft sediment sites/10 11 18/Site_R1_1.mp4,https://www.dropbox.com/scl/fi/6fwdg1quztls9v6sqhyeh/Site_R1_1.mp4?rlkey=se8n2kdhs6pntxy9ih285q3e5&dl=0&raw=1
/Cumulative-effects-data---QCS/Final info/Soft sediment sites/10 11 18/Site_R2_1.mp4,https://www.dropbox.com/scl/fi/cdyqk60yqa4s4bw0fqdqv/Site_R2_1.mp4?rlkey=34csdysmh9j8lsaz93qfa6emd&dl=0&raw=1
/Cumulative-effects-data---QCS/Final info/Soft sediment sites/10 11 18/Site_R3_1.mp4,https://www.dropbox.com/scl/fi/7t3gcy7atd1wepo8yrjs1/Site_R3_1.mp4?rlkey=ozw2dgc6ilhvd1q8o7g4ccd1r&dl=0&raw=1
/Cumulative-effects-data---QCS/Final info/Soft sediment sites/10 11 18/Site_R4_1.mp4,https://www.dropbox.com/scl/fi/t0jq53hore35gp6551c1c/Site_R4_1.mp4?rlkey=m1cia0bexhlxrpj0qrqswm1bv&dl=0&raw=1
/Cumulative-effects-data---QCS/Final info/Soft sediment sites/10 11 18/Site_R5_1.mp4,https://www.dropbox.com/scl/fi/1x8935kkcvyvsjfpsikfj/Site_R5_1.mp4?rlkey=s4b0lvxvw2eld0yuy41cqtujs&dl=0&raw=1
/Cumulative-effects-data---QCS/Final info/Soft sediment sites/10 11 18/Site_S30_1.mp4,https://www.dropbox.com/scl/fi/zoxrv7bwgmlpnpsc0psxy/Site_S30_1.mp4?rlkey=zlr30ctk3t10d3t91sldyeqdy&dl=0&raw=1
/Cumulative-effects-data---QCS/Final info/Soft sediment sites/10 11 18/Site_S31_1.mp4,https://www.dropbox.com/scl/fi/9o7gffhq4h9tvwy2131nv/Site_S31_1.mp4?rlkey=r8upvl70bftcu0mw8l327jotc&dl=0&raw=1
/Cumulative-effects-data---QCS/Final info/Soft sediment sites/10 11 18/Site_S34_P1.png,https://www.dropbox.com/scl/fi/1rtjc4iwiwosntyj9l4ev/Site_S34_P1.png?rlkey=kyj08iqsk4iyagz6hyv2hv3gr&dl=0&raw=1
/Cumulative-effects-data---QCS/Final info/Soft sediment sites/10 11 18/Site_S34_1.mp4,https://www.dropbox.com/scl/fi/x4ereigt3dlgbjz45ta7h/Site_S34_1.mp4?rlkey=k1n9517cwvw8rpz6ype5gr74c&dl=0&raw=1
/Cumulative-effects-data---QCS/Final info/Soft sediment sites/10 11 18/Site_ST2_1.mp4,https://www.dropbox.com/scl/fi/3h6q5ey4ufbcvvlrop6tg/Site_ST2_1.mp4?rlkey=1fsnijs2e67gd0iw5q9o222ef&dl=0&raw=1
/Cumulative-effects-data---QCS/Final info/Soft sediment sites/10 11 18/Site_ST2_P1.png,https://www.dropbox.com/scl/fi/zgkev7rteq3v1m24or9h4/Site_ST2_P1.png?rlkey=kry62z3t3pg3clt2rtbhuipho&dl=0&raw=1
/Cumulative-effects-data---QCS/Final info/Soft sediment sites/10 11 18/Site_ST3_1.mp4,https://www.dropbox.com/scl/fi/9cjbma96kord1fob9ktm2/Site_ST3_1.mp4?rlkey=ikc3hs067yuw6aaqanx2fdnvc&dl=0&raw=1
/Cumulative-effects-data---QCS/Final info/Soft sediment sites/11_11_18/Site_40_1.mp4,https://www.dropbox.com/scl/fi/xv8dtfofmd6z99gukjq7j/Site_40_1.mp4?rlkey=7mypx6lbfyuk3fvz10os10ltg&dl=0&raw=1
/Cumulative-effects-data---QCS/Final info/Soft sediment sites/11_11_18/Site_41_1.mp4,https://www.dropbox.com/scl/fi/q0wdlwuw4tqh2pqqc7zfu/Site_41_1.mp4?rlkey=pbwszejkxp80d1zkp71ak6ahx&dl=0&raw=1
/Cumulative-effects-data---QCS/Final info/Soft sediment sites/11_11_18/Site_43_1.mp4,https://www.dropbox.com/scl/fi/065mww2pljwh19e1hh37v/Site_43_1.mp4?rlkey=5b9eo5y4ydbpug35hpw7g3ddv&dl=0&raw=1
/Cumulative-effects-data---QCS/Final info/Soft sediment sites/11_11_18/Site_E1_1.mp4,https://www.dropbox.com/scl/fi/any8njete9pd7x1tlhbui/Site_E1_1.mp4?rlkey=loufbqloo4pmdvk8049vokd9i&dl=0&raw=1
/Cumulative-effects-data---QCS/Final info/Soft sediment sites/11_11_18/Site_E2_1.mp4,https://www.dropbox.com/scl/fi/rxbpnd1km87qihjlex4ar/Site_E2_1.mp4?rlkey=nalpy0jyir55i2n127yheq3w9&dl=0&raw=1
/Cumulative-effects-data---QCS/Final info/Soft sediment sites/11_11_18/Site_E3_1.mp4,https://www.dropbox.com/scl/fi/9kbgg8q4ujxivqdnk843f/Site_E3_1.mp4?rlkey=y9ib5o70nk4nmvv9kdu2hghw3&dl=0&raw=1
/Cumulative-effects-data---QCS/Final info/Soft sediment sites/11_11_18/Site_E4_1.mp4,https://www.dropbox.com/scl/fi/q0ocifao3gur2wumi39qo/Site_E4_1.mp4?rlkey=slumh7gxmewoklq5h7kbqofc5&dl=0&raw=1
/Cumulative-effects-data---QCS/Final info/Soft sediment sites/11_11_18/Site_E4_P1.png,https://www.dropbox.com/scl/fi/6i0bhbfxkr8fa0cbqqmvi/Site_E4_P1.png?rlkey=o0099dqzh34xtio42yh5w3k36&dl=0&raw=1
/Cumulative-effects-data---QCS/Final info/Soft sediment sites/11_11_18/Site_E5_1.mp4,https://www.dropbox.com/scl/fi/isj3aeb8sbdfmqfdocxh6/Site_E5_1.mp4?rlkey=xltj05w230woq3k2vz943dfy7&dl=0&raw=1
/Cumulative-effects-data---QCS/Final info/Soft sediment sites/11_11_18/Site_R10_1.mp4,https://www.dropbox.com/scl/fi/pldz8w9hkl57tiyci7op5/Site_R10_1.mp4?rlkey=u0kgkdl1fybwn7u78ybwlvop8&dl=0&raw=1
/Cumulative-effects-data---QCS/Final info/Soft sediment sites/11_11_18/Site_R11_1.mp4,https://www.dropbox.com/scl/fi/o7nmzyjp1ft4hgd6s7a8t/Site_R11_1.mp4?rlkey=mx6bmjb59v4sunfjowwcrktey&dl=0&raw=1
/Cumulative-effects-data---QCS/Final info/Soft sediment sites/11_11_18/Site_R12_1.mp4,https://www.dropbox.com/scl/fi/sjkhje6jc0ck39vnqdgju/Site_R12_1.mp4?rlkey=ll9sr0qh2ikfh96zmxxl5by1x&dl=0&raw=1
/Cumulative-effects-data---QCS/Final info/Soft sediment sites/11_11_18/Site_R13_1.mp4,https://www.dropbox.com/scl/fi/pext2vyss3e66ie6y7ezu/Site_R13_1.mp4?rlkey=1df068j71kluk18ddcfbbdjlm&dl=0&raw=1
/Cumulative-effects-data---QCS/Final info/Soft sediment sites/11_11_18/Site_R6_P1.png,https://www.dropbox.com/scl/fi/eu4hnwalvcyabwx8p1jux/Site_R6_P1.png?rlkey=ig0nf3viap68gwxx6mwe9p9lu&dl=0&raw=1
/Cumulative-effects-data---QCS/Final info/Soft sediment sites/11_11_18/Site_R6_1.mp4,https://www.dropbox.com/scl/fi/qwy5514ozpoff5f73pvjr/Site_R6_1.mp4?rlkey=z4o5d0jf0jrkby1hjtkhyo4bu&dl=0&raw=1
/Cumulative-effects-data---QCS/Final info/Soft sediment sites/11_11_18/Site_R7_1.mp4,https://www.dropbox.com/scl/fi/1z6h1iza24vofd9weok5v/Site_R7_1.mp4?rlkey=x436my3s981apahbhcml3nfxm&dl=0&raw=1
/Cumulative-effects-data---QCS/Final info/Soft sediment sites/11_11_18/Site_R8_1.mp4,https://www.dropbox.com/scl/fi/dm6s0fw90fe4hb9h0u4lm/Site_R8_1.mp4?rlkey=qte9ybzmli33ecm7a1m3a79gx&dl=0&raw=1
/Cumulative-effects-data---QCS/Final info/Soft sediment sites/11_11_18/Site_R9_1.mp4,https://www.dropbox.com/scl/fi/9to5v1ktrgxf7gfh39pdy/Site_R9_1.mp4?rlkey=r004ajmrzj0s4ffvfe5wphe5x&dl=0&raw=1
/Cumulative-effects-data---QCS/Final info/Soft sediment sites/11_11_18/Site_42_1.avi,https://www.dropbox.com/scl/fi/o29p2efbm536t36lk5j3j/Site_42_1.avi?rlkey=c5cvyf9kmfr6iballkeqjv7oc&dl=0&raw=1
/Cumulative-effects-data---QCS/Final info/Soft sediment sites/12 11 18/Site_E10_1.mp4,https://www.dropbox.com/scl/fi/x3s0a8fx147ulgdy7yee9/Site_E10_1.mp4?rlkey=xq5726glesjmj5oxbvbr4ame3&dl=0&raw=1
/Cumulative-effects-data---QCS/Final info/Soft sediment sites/12 11 18/Site_E6_1.mp4,https://www.dropbox.com/scl/fi/0vcdg34ky7zcvd2ie2ahp/Site_E6_1.mp4?rlkey=fqopujgx3miykql92z50cjawl&dl=0&raw=1
/Cumulative-effects-data---QCS/Final info/Soft sediment sites/12 11 18/Site_E7_1.mp4,https://www.dropbox.com/scl/fi/ai7z0c0mq818bcn4snzb9/Site_E7_1.mp4?rlkey=ku1lpq6y8atgz8c40pdh1olsf&dl=0&raw=1
/Cumulative-effects-data---QCS/Final info/Soft sediment sites/12 11 18/Site_E8_1.mp4,https://www.dropbox.com/scl/fi/yf1qme9nwm6veic3lr7bp/Site_E8_1.mp4?rlkey=78hkze2pk4n4ndxwavg1er73g&dl=0&raw=1
/Cumulative-effects-data---QCS/Final info/Soft sediment sites/12 11 18/Site_R14_1.mp4,https://www.dropbox.com/scl/fi/wdzbs9c9h0nufa6qku0d9/Site_R14_1.mp4?rlkey=qe1n514prh90d5r4y9bxc0y76&dl=0&raw=1
/Cumulative-effects-data---QCS/Final info/Soft sediment sites/12 11 18/Site_R15_1.mp4,https://www.dropbox.com/scl/fi/4mag0s3os2lepmxoj1ocu/Site_R15_1.mp4?rlkey=c37izjt3xp7yg7tubqq4tvc19&dl=0&raw=1
/Cumulative-effects-data---QCS/Final info/Soft sediment sites/12 11 18/Site_R16_1.mp4,https://www.dropbox.com/scl/fi/6ydd2plc5led3dgp826rd/Site_R16_1.mp4?rlkey=noe51wfaqlm2dr975y95eskjg&dl=0&raw=1
/Cumulative-effects-data---QCS/Final info/Soft sediment sites/12 11 18/Site_R17_1.mp4,https://www.dropbox.com/scl/fi/cb2wr9gj52gqev8hu8bcb/Site_R17_1.mp4?rlkey=ftbrzomo3jm7rcrkyuzl0sthx&dl=0&raw=1
/Cumulative-effects-data---QCS/Final info/Soft sediment sites/12 11 18/Site_R18_P1.png,https://www.dropbox.com/scl/fi/s58z29f39l88tk30ycznh/Site_R18_P1.png?rlkey=qtqzles3muvwshzc2g1sya3rr&dl=0&raw=1
/Cumulative-effects-data---QCS/Final info/Soft sediment sites/12 11 18/Site_R18_1.mp4,https://www.dropbox.com/scl/fi/n5mi9je06s1gjxfdeg39m/Site_R18_1.mp4?rlkey=7wpdol9tpcwyt420l6ngnl6cw&dl=0&raw=1
/Cumulative-effects-data---QCS/Final info/Soft sediment sites/12 11 18/Site_R19_1.mp4,https://www.dropbox.com/scl/fi/fhx1gee0lx9bz6fj1wckv/Site_R19_1.mp4?rlkey=ymzajnm46bo6tbl9enps9wkhj&dl=0&raw=1
/Cumulative-effects-data---QCS/Final info/Soft sediment sites/12 11 18/Site_R20_1.mp4,https://www.dropbox.com/scl/fi/zgbcjfq91al0u2rq0rtyx/Site_R20_1.mp4?rlkey=oplawr2o01iwbygbw5estlqqu&dl=0&raw=1
/Cumulative-effects-data---QCS/Final info/Soft sediment sites/12 11 18/Site_R21_P1.png,https://www.dropbox.com/scl/fi/2p4ljxttz7palsvjkustf/Site_R21_P1.png?rlkey=047r3tw3u7h3tdyoilssuo1mp&dl=0&raw=1
/Cumulative-effects-data---QCS/Final info/Soft sediment sites/12 11 18/Site_R21_1.mp4,https://www.dropbox.com/scl/fi/342h016lrj4q3r6peyoh9/Site_R21_1.mp4?rlkey=5l4mk0q875opmjvcpgxx1fgta&dl=0&raw=1
/Cumulative-effects-data---QCS/Final info/Soft sediment sites/12 11 18/Site_R22_P1.png,https://www.dropbox.com/scl/fi/nro69tc364f9iz93s2ptz/Site_R22_P1.png?rlkey=xksm4ngzwapof0wbj7karni75&dl=0&raw=1
/Cumulative-effects-data---QCS/Final info/Soft sediment sites/12 11 18/Site_R22_1.mp4,https://www.dropbox.com/scl/fi/8ebt6dlvp2fph7s7fxgcd/Site_R22_1.mp4?rlkey=hkp519rk6y6umvqjbgajokios&dl=0&raw=1
/Cumulative-effects-data---QCS/Final info/Soft sediment sites/12 11 18/Site_R23_1.mp4,https://www.dropbox.com/scl/fi/597cooicb3fwr2fcb0uiu/Site_R23_1.mp4?rlkey=iua9mukyuj54198s2rmm7hmb8&dl=0&raw=1
/Cumulative-effects-data---QCS/Final info/Soft sediment sites/12 11 18/Site_R24_P1.png,https://www.dropbox.com/scl/fi/blpfsg85aoe1r2e5bda7r/Site_R24_P1.png?rlkey=g3vd7bsxni0s0yat1oezrnaz0&dl=0&raw=1
/Cumulative-effects-data---QCS/Final info/Soft sediment sites/12 11 18/Site_R24_1.mp4,https://www.dropbox.com/scl/fi/e8mrjbvik8u24e59qf7w7/Site_R24_1.mp4?rlkey=fo1641mvmhxuvfigizb2mj1ej&dl=0&raw=1
/Cumulative-effects-data---QCS/Final info/Soft sediment sites/12 11 18/Site_R25_1.mp4,https://www.dropbox.com/scl/fi/dk6at55lnhsgiyrtt2081/Site_R25_1.mp4?rlkey=i9h9h7rj1dnhfi4ho2j6b4dv8&dl=0&raw=1
/Cumulative-effects-data---QCS/Final info/Soft sediment sites/12 11 18/Site_R26_2.mp4,https://www.dropbox.com/scl/fi/ycsihkl7ayxfqcq897t0l/Site_R26_2.mp4?rlkey=3v7hn3w717gcnyefu11882tjj&dl=0&raw=1
/Cumulative-effects-data---QCS/Final info/Soft sediment sites/12 11 18/Site_R27_1.mp4,https://www.dropbox.com/scl/fi/ns8k15c3ya74hnorp1i6g/Site_R27_1.mp4?rlkey=jjfiw4eg7bf9nv3wxupw8wub1&dl=0&raw=1
/Cumulative-effects-data---QCS/Final info/Soft sediment sites/12 11 18/Site_R27_P1.png,https://www.dropbox.com/scl/fi/7dp50n1qxap638y7twhie/Site_R27_P1.png?rlkey=dq28cfdjokyskn11p2dy0w1gg&dl=0&raw=1
/Cumulative-effects-data---QCS/Final info/Soft sediment sites/12 11 18/Site_R28_1.mp4,https://www.dropbox.com/scl/fi/7x3egawhfevdgc2wnw9m0/Site_R28_1.mp4?rlkey=lded3vc46eztb86rrtp2e33cc&dl=0&raw=1
/Cumulative-effects-data---QCS/Final info/Soft sediment sites/12 11 18/Site_R29_1.mp4,https://www.dropbox.com/scl/fi/dcfmr2usdxkt2979fa9o1/Site_R29_1.mp4?rlkey=qp4xjqklrts4raow9hpv5uzff&dl=0&raw=1
/Cumulative-effects-data---QCS/Final info/Soft sediment sites/12 11 18/Site_R30_1.mp4,https://www.dropbox.com/scl/fi/srgitvd5v5wuhl5fcdefj/Site_R30_1.mp4?rlkey=y3e38ug11o5k9b754jb0jghaj&dl=0&raw=1
/Cumulative-effects-data---QCS/Final info/Soft sediment sites/13_11_18/Site_L1_1.mp4,https://www.dropbox.com/scl/fi/czcrzkvpach1kwfea4854/Site_L1_1.mp4?rlkey=9vgtzd9kkty40hdbaz1hb6r39&dl=0&raw=1
/Cumulative-effects-data---QCS/Final info/Soft sediment sites/13_11_18/Site_L1_P1.png,https://www.dropbox.com/scl/fi/5ec66x1jeeg7n98ig3yw5/Site_L1_P1.png?rlkey=vvq363eeeusuqxqgkcv3iyrp6&dl=0&raw=1
/Cumulative-effects-data---QCS/Final info/Soft sediment sites/13_11_18/Site_L2_1.mp4,https://www.dropbox.com/scl/fi/c2e2z8olooot18plo2qr6/Site_L2_1.mp4?rlkey=0g3th57bbs28ppsk7dakhimzu&dl=0&raw=1
/Cumulative-effects-data---QCS/Final info/Soft sediment sites/13_11_18/Site_L4_1.mp4,https://www.dropbox.com/scl/fi/4h9j7x5in4doovvgbriz4/Site_L4_1.mp4?rlkey=wwq6hqmp64vw5lken086gagr8&dl=0&raw=1
/Cumulative-effects-data---QCS/Final info/Soft sediment sites/13_11_18/Site_L5_P1.png,https://www.dropbox.com/scl/fi/t2o104drmjpmk2231xg7e/Site_L5_P1.png?rlkey=to08sz40yq0l6wyhig995nfl2&dl=0&raw=1
/Cumulative-effects-data---QCS/Final info/Soft sediment sites/13_11_18/Site_L5_1.mp4,https://www.dropbox.com/scl/fi/cyuvh4t64kp7xos243wq0/Site_L5_1.mp4?rlkey=1t2kb0njltu7zbc9epgvq6n49&dl=0&raw=1
/Cumulative-effects-data---QCS/Final info/Soft sediment sites/13_11_18/Site_L7_P1.png,https://www.dropbox.com/scl/fi/yhp2lzzppsgbabryh1fkc/Site_L7_P1.png?rlkey=hjn3tdnrgzdzwanpi1sbak1h5&dl=0&raw=1
/Cumulative-effects-data---QCS/Final info/Soft sediment sites/13_11_18/Site_L6_1.mp4,https://www.dropbox.com/scl/fi/roq5m95cp7tmwg15ungms/Site_L6_1.mp4?rlkey=ov5tzt84bs83uo33x24sv75mu&dl=0&raw=1
/Cumulative-effects-data---QCS/Final info/Soft sediment sites/13_11_18/Site_R31_1.mp4,https://www.dropbox.com/scl/fi/19lighe3bo8kqktvxlx99/Site_R31_1.mp4?rlkey=bg4ye589e12xo0ycwil476p42&dl=0&raw=1
/Cumulative-effects-data---QCS/Final info/Soft sediment sites/13_11_18/Site_R32_1.mp4,https://www.dropbox.com/scl/fi/b2ix3rsjtnligeknygtu2/Site_R32_1.mp4?rlkey=ggem5206k3wrhfrvhqhh9uo98&dl=0&raw=1
/Cumulative-effects-data---QCS/Final info/Soft sediment sites/13_11_18/Site_R34_1.mp4,https://www.dropbox.com/scl/fi/9il0t3spsl2eyfx5y9yfk/Site_R34_1.mp4?rlkey=o4dcf4uf2wktbdptr05ran0rs&dl=0&raw=1
/Cumulative-effects-data---QCS/Final info/Soft sediment sites/13_11_18/Site_R35_1.mp4,https://www.dropbox.com/scl/fi/g3sr06lr8zidva4ciwxwu/Site_R35_1.mp4?rlkey=hj7p2y8t9lsnueurt5wpbnun5&dl=0&raw=1
/Cumulative-effects-data---QCS/Final info/Soft sediment sites/13_11_18/Site_R35_P1.png,https://www.dropbox.com/scl/fi/01pwcz3f5epwaym092s2r/Site_R35_P1.png?rlkey=978aet3xhwimqqkreccupg1m9&dl=0&raw=1
/Cumulative-effects-data---QCS/Final info/Soft sediment sites/13_11_18/Site_R36_1.mp4,https://www.dropbox.com/scl/fi/n7o9hyyu1l93kw1es5kfx/Site_R36_1.mp4?rlkey=rbmd7whf2n6wlzr57z8ozz6mr&dl=0&raw=1
/Cumulative-effects-data---QCS/Final info/Soft sediment sites/13_11_18/Site_R37_1.mp4,https://www.dropbox.com/scl/fi/azzcuiv0ppe7izliwis6o/Site_R37_1.mp4?rlkey=56t1dppfs1f3g7bvvo5exv8s2&dl=0&raw=1
/Cumulative-effects-data---QCS/Final info/Soft sediment sites/13_11_18/Site_R38_1.mp4,https://www.dropbox.com/scl/fi/4dr8ky7wat7wxtzcym2w6/Site_R38_1.mp4?rlkey=ta7hl44jk3o2rlw8f93p1k8ox&dl=0&raw=1
/Cumulative-effects-data---QCS/Final info/Soft sediment sites/13_11_18/Site_R39_1.mp4,https://www.dropbox.com/scl/fi/wnup2f75pxnl6ad0gg1yp/Site_R39_1.mp4?rlkey=cj1mfbgwk6yvbgcldfxhmqkx5&dl=0&raw=1
/Cumulative-effects-data---QCS/Final info/Soft sediment sites/13_11_18/Site_R40_1.mp4,https://www.dropbox.com/scl/fi/sja2ibvy73bl39nlccfqg/Site_R40_1.mp4?rlkey=xocfoz7oqe3fh9lxulxaz9hwd&dl=0&raw=1
/Cumulative-effects-data---QCS/Final info/Soft sediment sites/13_11_18/Site_R41_1.mp4,https://www.dropbox.com/scl/fi/85ihqpjuwhkmjc4d75ikd/Site_R41_1.mp4?rlkey=njagqje4iv6qx346n691fw5rs&dl=0&raw=1
/Cumulative-effects-data---QCS/Final info/Soft sediment sites/13_11_18/Site_R42_1.mp4,https://www.dropbox.com/scl/fi/xy7sgeopc0zrbyjdmomqr/Site_R42_1.mp4?rlkey=a5gyucskgzilq24uxo62kxh0g&dl=0&raw=1
/Cumulative-effects-data---QCS/Final info/Soft sediment sites/13_11_18/Site_R43_1.mp4,https://www.dropbox.com/scl/fi/yeeor65e5ibuukn0wewqh/Site_R43_1.mp4?rlkey=45jbisqpkmml1dfb8wh3l65w3&dl=0&raw=1
/Cumulative-effects-data---QCS/Final info/Soft sediment sites/13_11_18/Site_R44_1.mp4,https://www.dropbox.com/scl/fi/af6f3rxxni0ma37nmxaao/Site_R44_1.mp4?rlkey=2buht9tanudhke0rmmoh1ljaj&dl=0&raw=1
/Cumulative-effects-data---QCS/Final info/Soft sediment sites/13_11_18/Site_R45_1.mp4,https://www.dropbox.com/scl/fi/08i9x2xqjdd5vzi8mfaq9/Site_R45_1.mp4?rlkey=4nefh6bhiuvkd7opv4dunoner&dl=0&raw=1
/Cumulative-effects-data---QCS/Final info/Soft sediment sites/13_11_18/Site_R46_P1.png,https://www.dropbox.com/scl/fi/tfmuo7wvmiy1w709811iv/Site_R46_P1.png?rlkey=rlvmntkvsptyu036yw2hekxk7&dl=0&raw=1
/Cumulative-effects-data---QCS/Final info/Soft sediment sites/13_11_18/Site_R46_1.mp4,https://www.dropbox.com/scl/fi/cjiafa48dabk1on3id0xp/Site_R46_1.mp4?rlkey=fu929t2gxay8diaozbwnn8quh&dl=0&raw=1
/Cumulative-effects-data---QCS/Final info/Soft sediment sites/13_11_18/Site_R47_1.mp4,https://www.dropbox.com/scl/fi/7nw401angxxvez19cssga/Site_R47_1.mp4?rlkey=bdy77lbu83b31uva5kzzturkr&dl=0&raw=1
/Cumulative-effects-data---QCS/Final info/Soft sediment sites/13_11_18/Site_R48_1.mp4,https://www.dropbox.com/scl/fi/ydxp30ltuhk4u7vhbfi22/Site_R48_1.mp4?rlkey=deuaq3b7v68yaczx26b41jmg7&dl=0&raw=1
/Cumulative-effects-data---QCS/Final info/Soft sediment sites/13_11_18/Site_R48_P1.png,https://www.dropbox.com/scl/fi/gkfyjh15db3uujy1cp18k/Site_R48_P1.png?rlkey=3jtnmnebpsxwfucyf3v3ppoqe&dl=0&raw=1
/Cumulative-effects-data---QCS/Final info/Soft sediment sites/13_11_18/Site_R33_1.avi,https://www.dropbox.com/scl/fi/it6fc6lq1jsv96qnriz9t/Site_R33_1.avi?rlkey=lf64tjc5cs0qqxex0z7z63end&dl=0&raw=1
/Cumulative-effects-data---QCS/Final info/Soft sediment sites/14 11 18/Site_B1_1.mp4,https://www.dropbox.com/scl/fi/3qok3l1fq9iyjnr6vrnhy/Site_B1_1.mp4?rlkey=q7cpfgr9k18odqiz2v4r6jwt9&dl=0&raw=1
/Cumulative-effects-data---QCS/Final info/Soft sediment sites/14 11 18/Site_B1_P1.png,https://www.dropbox.com/scl/fi/990cbjat9u1idtzurtscw/Site_B1_P1.png?rlkey=bbmi2tlk7q6uqh1zi0rmmi8zz&dl=0&raw=1
/Cumulative-effects-data---QCS/Final info/Soft sediment sites/14 11 18/Site_B2_1.mp4,https://www.dropbox.com/scl/fi/z2pa65qy12dqy62sgj1io/Site_B2_1.mp4?rlkey=6bs2zgayebo2bqadf9k52r0vu&dl=0&raw=1
/Cumulative-effects-data---QCS/Final info/Soft sediment sites/14 11 18/Site_B2_P1.png,https://www.dropbox.com/scl/fi/ff2d4yyf1ti5icwbcrpsg/Site_B2_P1.png?rlkey=wh30cxv7awrlvzvxwu5ljirax&dl=0&raw=1
/Cumulative-effects-data---QCS/Final info/Soft sediment sites/14 11 18/Site_B4_P1.png,https://www.dropbox.com/scl/fi/a1p0992dq3m8xpricrm3i/Site_B4_P1.png?rlkey=lbiy40xurq3qy6gpi8yw4opoe&dl=0&raw=1
/Cumulative-effects-data---QCS/Final info/Soft sediment sites/14 11 18/Site_B3_1.mp4,https://www.dropbox.com/scl/fi/dz8vzt9hz0lmz6a51uqya/Site_B3_1.mp4?rlkey=5u1gd8hec81yc64sctxl0j81z&dl=0&raw=1
/Cumulative-effects-data---QCS/Final info/Soft sediment sites/14 11 18/Site_B5_P1.png,https://www.dropbox.com/scl/fi/x48020hghn60zfm8ab38d/Site_B5_P1.png?rlkey=0oe9gc0ldjmc9lq92v2c8vp27&dl=0&raw=1
/Cumulative-effects-data---QCS/Final info/Soft sediment sites/14 11 18/Site_B7_P2.png,https://www.dropbox.com/scl/fi/ynd1m4j7vgg80d00t4li5/Site_B7_P2.png?rlkey=7ulfbltybbu6x8rjnhcv0doat&dl=0&raw=1
/Cumulative-effects-data---QCS/Final info/Soft sediment sites/14 11 18/Site_B6_1.mp4,https://www.dropbox.com/scl/fi/820l0mdq6sdy5rf8da3j7/Site_B6_1.mp4?rlkey=chizblcbxjmba9mg7agqvc6ez&dl=0&raw=1
/Cumulative-effects-data---QCS/Final info/Soft sediment sites/14 11 18/Site_B7_P1.png,https://www.dropbox.com/scl/fi/84s3lxwqpqyq93hg3jgvs/Site_B7_P1.png?rlkey=0j5agy6u9oynsf09ghjxv5rug&dl=0&raw=1
/Cumulative-effects-data---QCS/Final info/Soft sediment sites/15 11 18/Site_D48_1.mp4,https://www.dropbox.com/scl/fi/5afibi5k49ar5utvv6hs4/Site_D48_1.mp4?rlkey=4uykinnjkna7pvyi7i9l96vmo&dl=0&raw=1
/Cumulative-effects-data---QCS/Final info/Soft sediment sites/15 11 18/Site_D49_1.mp4,https://www.dropbox.com/scl/fi/299qd0k03ygikwooulm8z/Site_D49_1.mp4?rlkey=t8rfkkd8z83t15l8x3tl9sbw8&dl=0&raw=1
/Cumulative-effects-data---QCS/Final info/Soft sediment sites/15 11 18/Site_N4_P1.png,https://www.dropbox.com/scl/fi/8tbjaeryi5e51bpjxiwov/Site_N4_P1.png?rlkey=ae6ld2n543zs6qraazzgjcqlr&dl=0&raw=1
/Cumulative-effects-data---QCS/Final info/Soft sediment sites/15 11 18/Site_N2_P1.png,https://www.dropbox.com/scl/fi/tp961ybwyx22nbbfzg50z/Site_N2_P1.png?rlkey=3qidc3iru29trrjpkqxjm837w&dl=0&raw=1
/Cumulative-effects-data---QCS/Final info/Soft sediment sites/15 11 18/Site_N4_P2.png,https://www.dropbox.com/scl/fi/s13opj1h2qagych8t9fwg/Site_N4_P2.png?rlkey=xc5pf1vu5e7r3qwn1klflo63h&dl=0&raw=1
/Cumulative-effects-data---QCS/Final info/Soft sediment sites/15 11 18/Site_N4_P3.png,https://www.dropbox.com/scl/fi/p2ovt4fsvz0snm257c9p1/Site_N4_P3.png?rlkey=y8ez3aiq7q1zjm7ke18acgdq8&dl=0&raw=1
/Cumulative-effects-data---QCS/Final info/Soft sediment sites/15 11 18/Site_N7_P1.png,https://www.dropbox.com/scl/fi/eklvg6qgu3zmy825nipz4/Site_N7_P1.png?rlkey=wzfjgcvi3mkum7gzhlaelfmnx&dl=0&raw=1
/Cumulative-effects-data---QCS/Final info/Soft sediment sites/15 11 18/Site_R49_1.mp4,https://www.dropbox.com/scl/fi/rfpk9pzuvp1uyynhyjq10/Site_R49_1.mp4?rlkey=tqti37z06abotpuotaf5m0751&dl=0&raw=1
/Cumulative-effects-data---QCS/Final info/Soft sediment sites/15 11 18/Site_R50_1.mp4,https://www.dropbox.com/scl/fi/pnnzaoiver3o6so73glvm/Site_R50_1.mp4?rlkey=inw3qamdcmnf2zub7qxww9s0f&dl=0&raw=1
/Cumulative-effects-data---QCS/Final info/Soft sediment sites/15 11 18/Site_R51_1.mp4,https://www.dropbox.com/scl/fi/6jfijcvxcsqeqdxjg5kxk/Site_R51_1.mp4?rlkey=sdhq1skya295htfkgjqki56mr&dl=0&raw=1
/Cumulative-effects-data---QCS/Final info/Soft sediment sites/15 11 18/Site_R52_1.mp4,https://www.dropbox.com/scl/fi/mxkc7q32yimjk85piok58/Site_R52_1.mp4?rlkey=ddib552sx5vtkq79hz37dl95c&dl=0&raw=1
/Cumulative-effects-data---QCS/Final info/Soft sediment sites/15 11 18/Site_R53_1.mp4,https://www.dropbox.com/scl/fi/f5sfkg2v9300o5bgoklb5/Site_R53_1.mp4?rlkey=i2stx5ad7bemvgjyz701x6pe2&dl=0&raw=1
/Cumulative-effects-data---QCS/Final info/Soft sediment sites/15 11 18/Site_R54_1.mp4,https://www.dropbox.com/scl/fi/486dn3rhy8l7rhp09uges/Site_R54_1.mp4?rlkey=3gbcuti36kmquvzxmtyq8piu5&dl=0&raw=1
/Cumulative-effects-data---QCS/Final info/Soft sediment sites/15 11 18/Site_R55_1.mp4,https://www.dropbox.com/scl/fi/esux7znz186x12iyqxq5f/Site_R55_1.mp4?rlkey=eonnn6ei6aykoi8gtuhfka1p9&dl=0&raw=1
/Cumulative-effects-data---QCS/Final info/Soft sediment sites/15 11 18/Site_R56_1.mp4,https://www.dropbox.com/scl/fi/01n1y7nwlzg0vhsyc3kjz/Site_R56_1.mp4?rlkey=455u6d0u362dlmg9amh8ltw9k&dl=0&raw=1
/Cumulative-effects-data---QCS/Final info/Soft sediment sites/15 11 18/Site_R57_1.mp4,https://www.dropbox.com/scl/fi/u9ugcob72by6yaeofxmsl/Site_R57_1.mp4?rlkey=qjy02rtbvvow7mlex7r8x70jj&dl=0&raw=1
/Cumulative-effects-data---QCS/Final info/Compressed video/Site_E8_1.mp4,https://www.dropbox.com/scl/fi/8iheurosf3pvzzo3ueo61/Site_E8_1.mp4?rlkey=3jc1afyky0n1c45zqi6p92rup&dl=0&raw=1
/Cumulative-effects-data---QCS/Final info/Compressed video/Site_40_1.mp4,https://www.dropbox.com/scl/fi/rdydti06pcirc67y65wmj/Site_40_1.mp4?rlkey=qx268fulajmd3ntup7e19wo58&dl=0&raw=1
/Cumulative-effects-data---QCS/Final info/Compressed video/Site_26_1.mp4,https://www.dropbox.com/scl/fi/7nk87v1qffuf9u4bjdz9m/Site_26_1.mp4?rlkey=cjavtxyeo94dwgleh9lt0vwbv&dl=0&raw=1
/Cumulative-effects-data---QCS/Final info/Compressed video/Site_28_1.mp4,https://www.dropbox.com/scl/fi/gd7znb4j7dx28ftjslucs/Site_28_1.mp4?rlkey=rimuus0j6tjapknc9muwldy4h&dl=0&raw=1
/Cumulative-effects-data---QCS/Final info/Compressed video/Site_29_1.mp4,https://www.dropbox.com/scl/fi/qpo123ph79zxc7061pbol/Site_29_1.mp4?rlkey=3gqueythiwhgqcce56g96i5bf&dl=0&raw=1
/Cumulative-effects-data---QCS/Final info/Compressed video/Site_32_1.mp4,https://www.dropbox.com/scl/fi/yl6t0cndvgg9qcfam30wc/Site_32_1.mp4?rlkey=q3p3p2zcl28g3tzwqmp1smd6k&dl=0&raw=1
/Cumulative-effects-data---QCS/Final info/Compressed video/Site_33_1.mp4,https://www.dropbox.com/scl/fi/fdfo7ia3lj5kgsnb1iake/Site_33_1.mp4?rlkey=iez13piktmjkzztcdg5yc2u3z&dl=0&raw=1
/Cumulative-effects-data---QCS/Final info/Compressed video/Site_34_1.mp4,https://www.dropbox.com/scl/fi/qz6i9g94t8cgr6nixkv4l/Site_34_1.mp4?rlkey=zwi96r8t5hag66dkpyscgeuwi&dl=0&raw=1
/Cumulative-effects-data---QCS/Final info/Compressed video/Site_35_1.mp4,https://www.dropbox.com/scl/fi/e6rbblrk1fwsbz1zkthw9/Site_35_1.mp4?rlkey=qky8y5qu9gkjtady70e8d3ezf&dl=0&raw=1
/Cumulative-effects-data---QCS/Final info/Compressed video/Site_R1_1.mp4,https://www.dropbox.com/scl/fi/y7535rovhvwq0hdk2g1tr/Site_R1_1.mp4?rlkey=sgd8rimfnad27bh3eas6hcgua&dl=0&raw=1
/Cumulative-effects-data---QCS/Final info/Compressed video/Site_37_1.mp4,https://www.dropbox.com/scl/fi/9fu5gbdzu0bugloajmoec/Site_37_1.mp4?rlkey=dbyoaj8ysvtht6co590bfdjgw&dl=0&raw=1
/Cumulative-effects-data---QCS/Final info/Compressed video/Site_35_2.mp4,https://www.dropbox.com/scl/fi/09chmw0o4lem2mloqchnq/Site_35_2.mp4?rlkey=dn4znitnxbiiv333cfecfoqd8&dl=0&raw=1
/Cumulative-effects-data---QCS/Final info/Compressed video/Site_36_1.mp4,https://www.dropbox.com/scl/fi/j0yizeglpdvlbwjjiaf27/Site_36_1.mp4?rlkey=gzq405drifnyxvs79z9jzkrnz&dl=0&raw=1
/Cumulative-effects-data---QCS/Final info/Compressed video/Site_R4_1.mp4,https://www.dropbox.com/scl/fi/820o9p59erwz3qtj5wq6x/Site_R4_1.mp4?rlkey=hw8elb7oq8dfma7zm0don7arj&dl=0&raw=1
/Cumulative-effects-data---QCS/Final info/Compressed video/Site_R2_1.mp4,https://www.dropbox.com/scl/fi/5inja4qksiq1zqiq4zb9i/Site_R2_1.mp4?rlkey=vxjeswf0f7j5zvmba7h6j9bck&dl=0&raw=1
/Cumulative-effects-data---QCS/Final info/Compressed video/Site_R3_1.mp4,https://www.dropbox.com/scl/fi/qyp3o2do2hn3fitdi0ks1/Site_R3_1.mp4?rlkey=iv831segx0dyxlmdz8jwgsswz&dl=0&raw=1
/Cumulative-effects-data---QCS/Final info/Compressed video/Site_R5_1.mp4,https://www.dropbox.com/scl/fi/uelrbz4i5eteqlykyovps/Site_R5_1.mp4?rlkey=1cdhhr5mnum9brzl4xv3od0c7&dl=0&raw=1
/Cumulative-effects-data---QCS/Final info/Compressed video/Site_S31_1.mp4,https://www.dropbox.com/scl/fi/7r0z4odb6mkcl5txkeq91/Site_S31_1.mp4?rlkey=btpuiu3xexi7dkpy8dq4nxl5g&dl=0&raw=1
/Cumulative-effects-data---QCS/Final info/Compressed video/Site_S34_1.mp4,https://www.dropbox.com/scl/fi/a0krl591372dkebwtlss8/Site_S34_1.mp4?rlkey=s739ox85say0hr7xsknbgyq0q&dl=0&raw=1
/Cumulative-effects-data---QCS/Final info/Compressed video/Site_ST2_1.mp4,https://www.dropbox.com/scl/fi/xg92la6qm2cpa4izcqhb5/Site_ST2_1.mp4?rlkey=lbhshbllmw9j87f02tc5wt2n0&dl=0&raw=1
/Cumulative-effects-data---QCS/Final info/Compressed video/Site_ST3_1.mp4,https://www.dropbox.com/scl/fi/acpvf3xyyax6kossxoj8o/Site_ST3_1.mp4?rlkey=oph3slfhsgm6tjq1t49k65e62&dl=0&raw=1
/Cumulative-effects-data---QCS/Final info/Compressed video/Site_S30_1.mp4,https://www.dropbox.com/scl/fi/mj8t3j9n4iwdlz8disxrh/Site_S30_1.mp4?rlkey=kzmrwsm2g1q0oz37fewctj1mo&dl=0&raw=1
/Cumulative-effects-data---QCS/Final info/Compressed video/Site_E5_1.mp4,https://www.dropbox.com/scl/fi/xx2yu1vaw2k7c72ltql2e/Site_E5_1.mp4?rlkey=lez9o9rvlcvh3vzgfr5ipamsd&dl=0&raw=1
/Cumulative-effects-data---QCS/Final info/Compressed video/Site_43_1.mp4,https://www.dropbox.com/scl/fi/aaypc64je9yfcc0mf0pm8/Site_43_1.mp4?rlkey=lj5mo28auns84n27243r5s838&dl=0&raw=1
/Cumulative-effects-data---QCS/Final info/Compressed video/Site_E2_1.mp4,https://www.dropbox.com/scl/fi/wu02r1k8pi05s9xpuq2ct/Site_E2_1.mp4?rlkey=vs8xynys1k8h3s9p5jkdwg9qi&dl=0&raw=1
/Cumulative-effects-data---QCS/Final info/Compressed video/Site_E3_1.mp4,https://www.dropbox.com/scl/fi/jmpzdqyq9fxh4ygp9wi2f/Site_E3_1.mp4?rlkey=92m7ge6rteahodgz484nd7h57&dl=0&raw=1
/Cumulative-effects-data---QCS/Final info/Compressed video/Site_R11_1.mp4,https://www.dropbox.com/scl/fi/7oczjes1yymd72v66mw6o/Site_R11_1.mp4?rlkey=glmbyuby43slmhz0l915wxlpf&dl=0&raw=1
/Cumulative-effects-data---QCS/Final info/Compressed video/Site_R8_1.mp4,https://www.dropbox.com/scl/fi/z6nx3srsl63hmuk5wy2wn/Site_R8_1.mp4?rlkey=yuttzqv43roc2nskwaywgdsyj&dl=0&raw=1
/Cumulative-effects-data---QCS/Final info/Compressed video/Site_41_1.mp4,https://www.dropbox.com/scl/fi/rjmnskkvg65yy72kk55kw/Site_41_1.mp4?rlkey=rlmqb8819axotyygvxousu9ea&dl=0&raw=1
/Cumulative-effects-data---QCS/Final info/Compressed video/Site_E1_1.mp4,https://www.dropbox.com/scl/fi/ymktuoojmintubfdwwuf9/Site_E1_1.mp4?rlkey=ms90an94f556ghen0w6llssqe&dl=0&raw=1
/Cumulative-effects-data---QCS/Final info/Compressed video/Site_E4_1.mp4,https://www.dropbox.com/scl/fi/13afx7ymx9s1qpm2cdmea/Site_E4_1.mp4?rlkey=qxyo86mmj3htx5m62r04kfvuh&dl=0&raw=1
/Cumulative-effects-data---QCS/Final info/Compressed video/Site_E7_1.mp4,https://www.dropbox.com/scl/fi/dnkt3g6wysbo7gi3bbno2/Site_E7_1.mp4?rlkey=x9pzrm78zsla8acsib9jbo6bb&dl=0&raw=1
/Cumulative-effects-data---QCS/Final info/Compressed video/Site_E6_1.mp4,https://www.dropbox.com/scl/fi/gbm1kzschlkp9i8dx0p6t/Site_E6_1.mp4?rlkey=jfyiuxtd2f5a3zizphs58crmt&dl=0&raw=1
/Cumulative-effects-data---QCS/Final info/Compressed video/Site_R14_1.mp4,https://www.dropbox.com/scl/fi/kdjzff5cu3ktg1lc8hrwr/Site_R14_1.mp4?rlkey=qxob1klf0d8q4ygcxrcs78xch&dl=0&raw=1
/Cumulative-effects-data---QCS/Final info/Compressed video/Site_R15_1.mp4,https://www.dropbox.com/scl/fi/gb935nweqjv02nnt0ortj/Site_R15_1.mp4?rlkey=u4u56l5mjqoxbflgf32c1t4hq&dl=0&raw=1
/Cumulative-effects-data---QCS/Final info/Compressed video/Site_R16_1.mp4,https://www.dropbox.com/scl/fi/szn9aa0su04l817kbeyoz/Site_R16_1.mp4?rlkey=u3qc8ehvkh7x8ron5zpd8vuph&dl=0&raw=1
/Cumulative-effects-data---QCS/Final info/Compressed video/Site_R10_1.mp4,https://www.dropbox.com/scl/fi/w61fjeypmsbjabw1gbjwo/Site_R10_1.mp4?rlkey=8cw4mhwi87jnsp5hrxv6cz1wx&dl=0&raw=1
/Cumulative-effects-data---QCS/Final info/Compressed video/Site_R13_1.mp4,https://www.dropbox.com/scl/fi/tkf4a4j3a3b8w7lbcikvw/Site_R13_1.mp4?rlkey=zb6pz81sv2rip4aibzel49g0r&dl=0&raw=1
/Cumulative-effects-data---QCS/Final info/Compressed video/Site_R6_1.mp4,https://www.dropbox.com/scl/fi/wws377l3i8anjy9s95sje/Site_R6_1.mp4?rlkey=d9vnjp2auha68upyritu1ejdw&dl=0&raw=1
/Cumulative-effects-data---QCS/Final info/Compressed video/Site_R7_1.mp4,https://www.dropbox.com/scl/fi/zhubfel0ezpdi7aqw37cg/Site_R7_1.mp4?rlkey=vc3fijru1e1q1fvge63wujlo1&dl=0&raw=1
/Cumulative-effects-data---QCS/Final info/Compressed video/Site_R9_1.mp4,https://www.dropbox.com/scl/fi/ekkv2fj2rd66ull0u116z/Site_R9_1.mp4?rlkey=cuht3egdqf2h91ihbhb1z83dk&dl=0&raw=1
/Cumulative-effects-data---QCS/Final info/Compressed video/Site_E10_1.mp4,https://www.dropbox.com/scl/fi/6bb2ow3k4lxwf0h6nznr0/Site_E10_1.mp4?rlkey=rb5eoipixggr33j9wasag84wx&dl=0&raw=1
/Cumulative-effects-data---QCS/Final info/Compressed video/Site_R12_1.mp4,https://www.dropbox.com/scl/fi/dk4hqfsoyko7flym0dg71/Site_R12_1.mp4?rlkey=yskcdlj0xiuymablrt6754mqx&dl=0&raw=1
/Cumulative-effects-data---QCS/Final info/Compressed video/Site_R17_1.mp4,https://www.dropbox.com/scl/fi/nd8t8mc2dl0bo8xtdakg3/Site_R17_1.mp4?rlkey=cafuo7wznjx64tnioqvc5x3x6&dl=0&raw=1
/Cumulative-effects-data---QCS/Final info/Compressed video/Site_R18_1.mp4,https://www.dropbox.com/scl/fi/fhk3wykjtwetihq2qe4bu/Site_R18_1.mp4?rlkey=80b9lylejikm63hyu6ojo0u71&dl=0&raw=1
/Cumulative-effects-data---QCS/Final info/Compressed video/Site_R19_1.mp4,https://www.dropbox.com/scl/fi/bl1f1sz4vi3yy16qvwf1h/Site_R19_1.mp4?rlkey=cvrx89d4ycd1hzsfn5vwmfqao&dl=0&raw=1
/Cumulative-effects-data---QCS/Final info/Compressed video/Site_R20_1.mp4,https://www.dropbox.com/scl/fi/64ofvvt8muw9kt4comyo1/Site_R20_1.mp4?rlkey=hjxjo3amgwikwkjdn7vil5yns&dl=0&raw=1
/Cumulative-effects-data---QCS/Final info/Compressed video/Site_R21_1.mp4,https://www.dropbox.com/scl/fi/d0gcsg7x0h4g7u76w8hd2/Site_R21_1.mp4?rlkey=n5anq2ztzubq0slbfw2jtp1hb&dl=0&raw=1
/Cumulative-effects-data---QCS/Final info/Compressed video/Site_R22_1.mp4,https://www.dropbox.com/scl/fi/qcg46rzqo753xmxwbi1xi/Site_R22_1.mp4?rlkey=8oribottv9pqpqhdqca5yn9sn&dl=0&raw=1
/Cumulative-effects-data---QCS/Final info/Compressed video/Site_R23_1.mp4,https://www.dropbox.com/scl/fi/k7ze1lqggzg7j3bxbqy62/Site_R23_1.mp4?rlkey=oa4sz816o93177s17pqnzyr8a&dl=0&raw=1
/Cumulative-effects-data---QCS/Final info/Compressed video/Site_42_1.mp4,https://www.dropbox.com/scl/fi/noquijgzxiwcq9vq5933c/Site_42_1.mp4?rlkey=xw6pd14d2n2bcfhxw5tb5thsg&dl=0&raw=1
/Cumulative-effects-data---QCS/Final info/Compressed video/Site_R24_1.mp4,https://www.dropbox.com/scl/fi/3ep0z2m08m9q8rzen1uxq/Site_R24_1.mp4?rlkey=xzkebh0r188cyqghjo1y2ybxn&dl=0&raw=1
/Cumulative-effects-data---QCS/Final info/Compressed video/Site_R25_1.mp4,https://www.dropbox.com/scl/fi/zjcc49xv3xqnjgs54s031/Site_R25_1.mp4?rlkey=myovr8l3h58iq2uztsjj8aq0s&dl=0&raw=1
/Cumulative-effects-data---QCS/Final info/Compressed video/Site_R26_2.mp4,https://www.dropbox.com/scl/fi/cfs0qr9i6dmtaii1i5ctt/Site_R26_2.mp4?rlkey=5zdluhef583a9bqba1on62j2v&dl=0&raw=1
/Cumulative-effects-data---QCS/Final info/Compressed video/Site_R27_1.mp4,https://www.dropbox.com/scl/fi/agijgvsdd2bnneeepq8nu/Site_R27_1.mp4?rlkey=89bfp46wpmz3ny0bvss8l5ojk&dl=0&raw=1
/Cumulative-effects-data---QCS/Final info/Compressed video/Site_R33_1.mp4,https://www.dropbox.com/scl/fi/ntr47lwhbms1z5wbesovu/Site_R33_1.mp4?rlkey=c3wx5h4voqy1adztbazjopsrt&dl=0&raw=1
/Cumulative-effects-data---QCS/Final info/Compressed video/Site_R28_1.mp4,https://www.dropbox.com/scl/fi/07k7duenh961d10inoime/Site_R28_1.mp4?rlkey=46w08gh40ftcppn0s994zcx3r&dl=0&raw=1
/Cumulative-effects-data---QCS/Final info/Compressed video/Site_R29_1.mp4,https://www.dropbox.com/scl/fi/1vyzynh1ylm4vvil717d3/Site_R29_1.mp4?rlkey=222ck9046rvbjmjyiyknutfjs&dl=0&raw=1
/Cumulative-effects-data---QCS/Final info/Compressed video/Site_R30_1.mp4,https://www.dropbox.com/scl/fi/y029j4kjg2so79peob52y/Site_R30_1.mp4?rlkey=mazdkxu2o499mbxg25uqgtded&dl=0&raw=1
/Cumulative-effects-data---QCS/Final info/Compressed video/Site_L1_1.mp4,https://www.dropbox.com/scl/fi/p8qao0c6c1culjic2krl2/Site_L1_1.mp4?rlkey=a1str0b2006wdd3w7bfh1xw49&dl=0&raw=1
/Cumulative-effects-data---QCS/Final info/Compressed video/Site_L2_1.mp4,https://www.dropbox.com/scl/fi/lrjsa9yprrzrx8d3wp9f6/Site_L2_1.mp4?rlkey=zvwhib5mme6ed2kmk4yeqpyi2&dl=0&raw=1
/Cumulative-effects-data---QCS/Final info/Compressed video/Site_L4_1.mp4,https://www.dropbox.com/scl/fi/9uwwiu6eggxc6qn7usvjb/Site_L4_1.mp4?rlkey=v3hv0s5hdg8091ocebzdzktdp&dl=0&raw=1
/Cumulative-effects-data---QCS/Final info/Compressed video/Site_L5_1.mp4,https://www.dropbox.com/scl/fi/pqo0j9bv3qj5c6bh7zqgj/Site_L5_1.mp4?rlkey=f26wbxivzyxq5o2ln0f6qk77p&dl=0&raw=1
/Cumulative-effects-data---QCS/Final info/Compressed video/Site_L6_1.mp4,https://www.dropbox.com/scl/fi/7gmwg4g3is5ds8lk9tpdv/Site_L6_1.mp4?rlkey=rujseeyxeg93nmplhogmtieiu&dl=0&raw=1
/Cumulative-effects-data---QCS/Final info/Compressed video/Site_R31_1.mp4,https://www.dropbox.com/scl/fi/1s96gfdq2nd5ueckfgib5/Site_R31_1.mp4?rlkey=g4dxxg1e13ser5zlt1ipoj79q&dl=0&raw=1
/Cumulative-effects-data---QCS/Final info/Compressed video/Site_R32_1.mp4,https://www.dropbox.com/scl/fi/hklarmbp6f1rknen45qsg/Site_R32_1.mp4?rlkey=on4ho1q7rfy1yw97dc3iqeszw&dl=0&raw=1
/Cumulative-effects-data---QCS/Final info/Compressed video/Site_R34_1.mp4,https://www.dropbox.com/scl/fi/5ashub2lyeburlc6xrlq4/Site_R34_1.mp4?rlkey=ncig1h1en3dezh9wokuq26upf&dl=0&raw=1
/Cumulative-effects-data---QCS/Final info/Compressed video/Site_R35_1.mp4,https://www.dropbox.com/scl/fi/a3amrmnj28h9yrhb6oy0r/Site_R35_1.mp4?rlkey=rfkq0i1tstztk65vfh49jrpks&dl=0&raw=1
/Cumulative-effects-data---QCS/Final info/Compressed video/Site_R36_1.mp4,https://www.dropbox.com/scl/fi/c9ydn6ymylk0ckx0a0zqo/Site_R36_1.mp4?rlkey=md0hm974qdd9ms2yztf47gmxq&dl=0&raw=1
/Cumulative-effects-data---QCS/Final info/Compressed video/Site_R37_1.mp4,https://www.dropbox.com/scl/fi/uhm2snik7drx9tmscxejc/Site_R37_1.mp4?rlkey=gfoz4sy57512a1w7f8rxr3xd2&dl=0&raw=1
/Cumulative-effects-data---QCS/Final info/Compressed video/Site_R38_1.mp4,https://www.dropbox.com/scl/fi/0ha7mhzxx6r3n10bawiad/Site_R38_1.mp4?rlkey=5dfws6wex4x0auwmp7y6dc84v&dl=0&raw=1
/Cumulative-effects-data---QCS/Final info/Compressed video/Site_R39_1.mp4,https://www.dropbox.com/scl/fi/59tuz5kla5yiyqde8lwg9/Site_R39_1.mp4?rlkey=vy98m5gvh8uyirmgca4255vkj&dl=0&raw=1
/Cumulative-effects-data---QCS/Final info/Compressed video/Site_R40_1.mp4,https://www.dropbox.com/scl/fi/cfadbxescf1mna7zxwed3/Site_R40_1.mp4?rlkey=wzxt71751ezk70kfho0wnptti&dl=0&raw=1
/Cumulative-effects-data---QCS/Final info/Compressed video/Site_R41_1.mp4,https://www.dropbox.com/scl/fi/hwrupxbnqvsfy7war9vke/Site_R41_1.mp4?rlkey=zpuyfd738secdn224kshh1t6v&dl=0&raw=1
/Cumulative-effects-data---QCS/Final info/Compressed video/Site_R42_1.mp4,https://www.dropbox.com/scl/fi/s6bsf9c07uh4c0syqm4yx/Site_R42_1.mp4?rlkey=qk0w0el0bj310icmhmfliwyuu&dl=0&raw=1
/Cumulative-effects-data---QCS/Final info/Compressed video/Site_R43_1.mp4,https://www.dropbox.com/scl/fi/zutq1vbf6405i0u5mmhhi/Site_R43_1.mp4?rlkey=5kt49pwhz4bnu3ct0lwpt0pc8&dl=0&raw=1
/Cumulative-effects-data---QCS/Final info/Compressed video/Site_R44_1.mp4,https://www.dropbox.com/scl/fi/5ufo0ohecht4p8j4oov8u/Site_R44_1.mp4?rlkey=wm96r5yel2l2fleo83zsz4ypi&dl=0&raw=1
/Cumulative-effects-data---QCS/Final info/Compressed video/Site_R45_1.mp4,https://www.dropbox.com/scl/fi/22j9yag3lujy1juakezrk/Site_R45_1.mp4?rlkey=30db6f50fm8b6ytto5i265xe7&dl=0&raw=1
/Cumulative-effects-data---QCS/Final info/Compressed video/Site_R46_1.mp4,https://www.dropbox.com/scl/fi/3eki0u5mdsugyk7qw5tdu/Site_R46_1.mp4?rlkey=ic481cwzl71sz5uhmp9ptj0be&dl=0&raw=1
/Cumulative-effects-data---QCS/Final info/Compressed video/Site_R47_1.mp4,https://www.dropbox.com/scl/fi/wukvfkt77m37nawo0ewmf/Site_R47_1.mp4?rlkey=4pq0iwsdbusph0et2g7mgi4i2&dl=0&raw=1
/Cumulative-effects-data---QCS/Final info/Compressed video/Site_R48_1.mp4,https://www.dropbox.com/scl/fi/4dsyyefv35040na5698o9/Site_R48_1.mp4?rlkey=2l1yidbhz4yantqi317flfvkk&dl=0&raw=1
/Cumulative-effects-data---QCS/Final info/Compressed video/Site_B1_1.mp4,https://www.dropbox.com/scl/fi/458tireh6sm3t9ecyl9mi/Site_B1_1.mp4?rlkey=vg3fobn0dubccul8cx4ce67gv&dl=0&raw=1
/Cumulative-effects-data---QCS/Final info/Compressed video/Site_B2_1.mp4,https://www.dropbox.com/scl/fi/zzciiswgwlpvzb664a3de/Site_B2_1.mp4?rlkey=rcsi9orv2qnd50c0z4cjps91e&dl=0&raw=1
/Cumulative-effects-data---QCS/Final info/Compressed video/Site_B3_1.mp4,https://www.dropbox.com/scl/fi/e9pywi486e4x45dbpn3hz/Site_B3_1.mp4?rlkey=p1akhk6stdeivcbhpmje8e3oq&dl=0&raw=1
/Cumulative-effects-data---QCS/Final info/Compressed video/Site_B6_1.mp4,https://www.dropbox.com/scl/fi/jw03l7oosjv1x3kecij0t/Site_B6_1.mp4?rlkey=0hd5a8sobgpl1mfizqe89uqho&dl=0&raw=1
/Cumulative-effects-data---QCS/Final info/Compressed video/Site_D48_1.mp4,https://www.dropbox.com/scl/fi/of7e8375g26tibwearjhm/Site_D48_1.mp4?rlkey=t86gwt19ybwl2a5lbs1jqpyv6&dl=0&raw=1
/Cumulative-effects-data---QCS/Final info/Compressed video/Site_D49_1.mp4,https://www.dropbox.com/scl/fi/6t9795xn2hcgoye0bz2lx/Site_D49_1.mp4?rlkey=v76i4nzcm3ioc3tpwvo7bba2s&dl=0&raw=1
/Cumulative-effects-data---QCS/Final info/Compressed video/Site_R49_1.mp4,https://www.dropbox.com/scl/fi/i5naklndtr3c26n32ly3t/Site_R49_1.mp4?rlkey=99p8wwluufxv7lqk4600vxo8r&dl=0&raw=1
/Cumulative-effects-data---QCS/Final info/Compressed video/Site_R50_1.mp4,https://www.dropbox.com/scl/fi/v1tmlq51ynpin6jff6zwm/Site_R50_1.mp4?rlkey=u6ao9pxnilkl7o6sstdw60z4u&dl=0&raw=1
/Cumulative-effects-data---QCS/Final info/Compressed video/Site_R51_1.mp4,https://www.dropbox.com/scl/fi/95f2wryb5qnfncc9oigu7/Site_R51_1.mp4?rlkey=ita35td8cdl4f96vw86ca9ocx&dl=0&raw=1
/Cumulative-effects-data---QCS/Final info/Compressed video/Site_R52_1.mp4,https://www.dropbox.com/scl/fi/lo2c761gw9a7fqt2ys4im/Site_R52_1.mp4?rlkey=hvnx5h4dyov459ugu3xr2cx44&dl=0&raw=1
/Cumulative-effects-data---QCS/Final info/Compressed video/Site_R53_1.mp4,https://www.dropbox.com/scl/fi/220r5ofm2cp4663xoxhd9/Site_R53_1.mp4?rlkey=8x7g2lxp5il1upb2fsgv7qhd1&dl=0&raw=1
/Cumulative-effects-data---QCS/Final info/Compressed video/Site_R54_1.mp4,https://www.dropbox.com/scl/fi/7zy19ela1phx89drprg78/Site_R54_1.mp4?rlkey=qt78rfyrmzbccj1eaxk9q9wzc&dl=0&raw=1
/Cumulative-effects-data---QCS/Final info/Compressed video/Site_R55_1.mp4,https://www.dropbox.com/scl/fi/86xy77dvy2fr1nc7q8eu7/Site_R55_1.mp4?rlkey=jerqpsdnzrtvihw749vedv7rv&dl=0&raw=1
/Cumulative-effects-data---QCS/Final info/Compressed video/Site_R56_1.mp4,https://www.dropbox.com/scl/fi/fhr4kyoiwsby67ut3ai7r/Site_R56_1.mp4?rlkey=h38i55l75uzrjthaf3r3lh6kw&dl=0&raw=1
/Cumulative-effects-data---QCS/Final info/Compressed video/Site_R57_1.mp4,https://www.dropbox.com/scl/fi/2fhg7d4eltqpp40yxb87b/Site_R57_1.mp4?rlkey=4694ru77vy68mlzg2t4nyu221&dl=0&raw=1
/Cumulative-effects-data---QCS/Final info/QCS2018_onlinemapdata.xlsx,https://www.dropbox.com/scl/fi/5duo5avwi7hn0x8qnc5jf/QCS2018_onlinemapdata.xlsx?rlkey=13c31sr7tu5c1r4l8et2fi57j&dl=0&raw=1
